Tickers,Market
BOLNV,Euronext Paris
ALMIL,Euronext Growth Paris
2CRSI,Euronext Paris
2MX,Euronext Paris
5PG,Euronext Expand Oslo
MLATV,Euronext Access Paris
ASP,Euronext Paris
AALB,Euronext Amsterdam
ABI,Euronext Brussels
AB,Euronext Paris
DOY,Euronext Growth Dublin
ABCA,Euronext Paris
ABEO,Euronext Paris
ABG,Oslo B?rs
ABNX,Euronext Paris
ABVX,Euronext Paris
ABN,Euronext Amsterdam
ABO,Euronext Brussels
ACPH,Euronext Brussels
ACAN,Euronext Paris
ACCEL,Euronext Amsterdam
ACCB,Euronext Brussels
AC,Euronext Paris
ACNV,Euronext Paris
AXS,Euronext Amsterdam
ALALO,Euronext Growth Paris
ACKB,Euronext Brussels
EOS,Euronext Paris
ATI,Euronext Paris
ALACT,Euronext Growth Paris
MLACT,Euronext Access Paris
ALADA,Euronext Growth Paris
ALDV,Euronext Paris
ALARF,Euronext Growth Paris
ADE,Oslo B?rs
ALP,Euronext Paris
ADOC,Euronext Paris
ALADO,Euronext Growth Paris
ADP,Euronext Paris
ADS,Euronext Growth Oslo
ALADM,Euronext Growth Paris
ADUX,"Euronext Paris, Amsterdam"
ADV,Euronext Paris
ADVIC,"Euronext Paris, Brussels"
ADVI,Euronext Paris
ADYEN,Euronext Amsterdam
AED,"Euronext Brussels, Amsterdam"
AEGA,Euronext Expand Oslo
AGN,Euronext Amsterdam
AKOM,Euronext Paris
AFG,Oslo B?rs
MLAGI,Euronext Access Paris
AGS,Euronext Brussels
AGFB,Euronext Brussels
AGLX,Euronext Growth Oslo
MLAGP,Euronext Access Paris
ALAGP,Euronext Growth Paris
ALAGR,Euronext Growth Paris
CUR,Euronext Access Lisbon
AD,"Euronext Amsterdam, Brussels"
A5G,Euronext Dublin
AF,"Euronext Paris, Amsterdam"
AI,Euronext Paris
MLAIM,Euronext Access Paris
AIR,Euronext Paris
AIRX,Euronext Growth Oslo
AJAX,Euronext Amsterdam
AKAST,Oslo B?rs
AKER,Oslo B?rs
AKBM,Euronext Growth Oslo
AKRBP,Oslo B?rs
ACC,Euronext Growth Oslo
ACH,Euronext Growth Oslo
AKH,Euronext Growth Oslo
AOW,Euronext Growth Oslo
AKSO,Oslo B?rs
AKA,"Euronext Paris, Brussels"
AKVA,Oslo B?rs
AKW,Euronext Paris
AKZA,Euronext Amsterdam
ABIO,Euronext Paris
ALCHI,Euronext Growth Paris
ALD,Euronext Paris
MLALE,Euronext Access Paris
ALPHY,Euronext Growth Paris
ALFEN,Euronext Amsterdam
CDANV,Euronext Paris
CDA,Euronext Paris
ALM,Euronext Paris
ALO,Euronext Paris
LTA,Euronext Paris
ALTA,Euronext Paris
AREIT,Euronext Paris
ATE,Euronext Paris
ALTR,Euronext Lisbon
ALTUR,Euronext Paris
ALX,Euronext Amsterdam
MLALV,Euronext Access Paris
MLAAH,Euronext Access Paris
AMSC,Oslo B?rs
AMG,Euronext Amsterdam
ALMIB,Euronext Growth Paris
AMPLI,Euronext Paris
ACOMO,Euronext Amsterdam
AMUN,Euronext Paris
ANDF,Euronext Growth Oslo
ALANT,Euronext Growth Paris
APAM,"Euronext Amsterdam, Brussels, Paris"
APM,Euronext Paris
ABT,Euronext Expand Oslo
AQUA,Oslo B?rs
ALAQU,Euronext Growth Paris
ARCAD,Euronext Amsterdam
MT,"Euronext Amsterdam, Paris"
ARCH,Oslo B?rs
ALJXR,Euronext Growth Paris
ABS,Euronext Growth Oslo
AFISH,Euronext Growth Oslo
AZT,Oslo B?rs
ALCUR,Euronext Growth Paris
ARCUS,Oslo B?rs
MLARD,Euronext Access Paris
ARDO,Euronext Access Paris
AFK,Oslo B?rs
ARG,Euronext Paris
ARGX,Euronext Brussels
AKE,Euronext Paris
MLARO,Euronext Access Paris
ARR,Oslo B?rs
ARTE,Euronext Paris
ALATF,Euronext Growth Paris
PRC,Euronext Paris
ARTO,Euronext Paris
ASC,Euronext Brussels
ASTK,Oslo B?rs
MLAEM,Euronext Access Paris
ASIT,"Euronext Brussels, Paris"
ASM,Euronext Amsterdam
ASML,Euronext Amsterdam
ASRNL,Euronext Amsterdam
GEN,Traded not listed Brussels
ASY,Euronext Paris
ATA,Euronext Paris
ATEA,Oslo B?rs
ATEME,Euronext Paris
ATEB,Euronext Brussels
ASA,Oslo B?rs
ATO,Euronext Paris
ATRS,Euronext Amsterdam
AUB,Euronext Paris
MLAUD,Euronext Access Paris
ALAVY,"Euronext Growth Paris, Brussels"
AUGR,Euronext Paris
ALAMG,Euronext Growth Paris
AURE,Euronext Paris
AURS,Euronext Paris
AUSS,Oslo B?rs
AGAS,Oslo B?rs
AVTX,"Euronext Amsterdam, Brussels"
AVT,Euronext Paris
AWDR,Oslo B?rs
ALNG,Euronext Expand Oslo
CS,Euronext Paris
CSNV,Euronext Paris
ACR,Oslo B?rs
AXW,Euronext Paris
AXXIS,Euronext Expand Oslo
AYFIE,Euronext Growth Oslo
MLAZL,Euronext Access Paris
MLAAT,Euronext Access Paris
BSGR,Euronext Amsterdam
BCP,Euronext Lisbon
B2H,Oslo B?rs
BCRA,Euronext Paris
ALBKK,Euronext Growth Paris
BAIN,Euronext Paris
BAKKA,Oslo B?rs
BALTA,Euronext Brussels
BALT,Euronext Growth Oslo
BALYO,Euronext Paris
BAMNB,Euronext Amsterdam
BBV,Traded not listed Brussels
SANTA,Traded not listed Brussels
BANI,Euronext Brussels
DD7E,Euronext Dublin
DD7D,Euronext Dublin
BIRG,Euronext Dublin
BUI,Euronext Paris
BAR,Euronext Brussels
MLBAR,Euronext Access Paris
BFIT,Euronext Amsterdam
BASS,Euronext Paris
BLC,Euronext Paris
MLBAT,Euronext Access Paris
ALBDM,Euronext Growth Paris
BESI,Euronext Amsterdam
MLBMD,Euronext Access Paris
BEFB,Euronext Brussels
BEKB,Euronext Brussels
FBEL,Euronext Paris
BELR,Euronext Brussels
BELCO,Oslo B?rs
BELU,Euronext Brussels
BEN,Euronext Paris
SLBEN,Euronext Lisbon
BGBIO,Oslo B?rs
ALDBL,Euronext Growth Paris
BBED,Euronext Amsterdam
BEVER,Euronext Amsterdam
BEWI,Oslo B?rs
BB,Euronext Paris
BIG,Euronext Paris
ALBLD,Euronext Growth Paris
ALTUV,Euronext Growth Paris
BCART,Euronext Brussels
ALCOR,Euronext Growth Paris
BIM,Euronext Paris
ALBPS,Euronext Growth Paris
ALBIO,Euronext Growth Paris
BSP,Euronext Growth Oslo
BLEE,Euronext Paris
MLBSP,Euronext Access Paris
ALBLU,Euronext Growth Paris
BNP,Euronext Paris
MLONE,Euronext Access Paris
BOEI,Traded not listed Brussels
BOI,Euronext Paris
BOL,Euronext Paris
BON,Euronext Paris
BOTHE,"Euronext Brussels, Paris"
BONHR,Oslo B?rs
BOOST,Euronext Paris
BOR,Oslo B?rs
BORR,Oslo B?rs
BRG,Oslo B?rs
BOKA,Euronext Amsterdam
ALBOU,Euronext Growth Paris
BSD,Euronext Paris
BGHL,Euronext Amsterdam
BGHS,Euronext Amsterdam
BOUV,Oslo B?rs
EN,Euronext Paris
ENNV,Euronext Paris
BPOST,Euronext Brussels
BNB,Euronext Brussels
BRA,Euronext Growth Oslo
BREB,Euronext Brussels
BRILL,Euronext Amsterdam
BRNL,Euronext Amsterdam
BVI,Euronext Paris
BUR,Euronext Paris
BWE,Oslo B?rs
BWIDL,Euronext Growth Oslo
BWLPG,Oslo B?rs
BWO,Oslo B?rs
BMA,Oslo B?rs
CAT31,Euronext Paris
ALCG,Euronext Growth Paris
CADLR,Oslo B?rs
CAFO,Euronext Paris
MLAAE,Euronext Access Paris
C5H,Euronext Dublin
CAMBI,Euronext Growth Oslo
CBDG,Euronext Paris
CAMB,Euronext Brussels
CAND,Euronext Growth Brussels
CAPLI,Euronext Paris
CAP,Euronext Paris
CARA,Oslo B?rs
ALCRB,Euronext Growth Paris
CPINV,Euronext Brussels
ALCAR,Euronext Growth Paris
CARM,Euronext Paris
CARP,Euronext Paris
CA,Euronext Paris
CO,Euronext Paris
CAS,Euronext Paris
CATG,Euronext Paris
CTRG,Euronext Paris
CATR,Euronext Paris
CBOT,Euronext Paris
MLCEC,Euronext Access Paris
CGM,Euronext Paris
CGR,Euronext Paris
ALCLS,Euronext Growth Paris
CYAD,"Euronext Brussels, Paris"
CENER,Euronext Brussels
ALPCV,Euronext Growth Paris
ALCES,Euronext Growth Paris
MLCSA,Euronext Access Paris
MLCSB,Euronext Access Paris
CFEB,Euronext Brussels
CFI,Euronext Paris
MLCFM,Euronext Access Paris
CGG,Euronext Paris
MLCFD,Euronext Access Paris
MLCVG,Euronext Access Paris
CRI,Euronext Paris
CHSR,Euronext Paris
MLCHE,Euronext Access Paris
CHTEX,Traded not listed Brussels
MLTV,Euronext Access Brussels
CDI,Euronext Paris
CIB,Euronext Paris
COMB,Euronext Brussels
MLCMB,Euronext Access Paris
MLCIO,Euronext Access Paris
CIRCA,Euronext Growth Oslo
CIS,Traded not listed Brussels
CLA,Euronext Paris
ALCLA,Euronext Growth Paris
CLOUD,Euronext Growth Oslo
CMCOM,Euronext Amsterdam
COM,Euronext Paris
CNV,Euronext Paris
CNP,Euronext Paris
COBH,Euronext Growth Brussels
CCEP,Euronext Amsterdam
COFA,Euronext Paris
ALCOF,Euronext Growth Paris
CFN,Euronext Lisbon
COFB,Euronext Brussels
ALLEC,Euronext Growth Paris
ALCOG,Euronext Growth Paris
COH,Euronext Paris
ALCOI,Euronext Growth Paris
RE,Euronext Paris
MLCLP,Euronext Access Paris
COLR,Euronext Brussels
MLMFI,Euronext Access Paris
CDU,Euronext Access Lisbon
MLCNT,Euronext Access Paris
MLLCB,Euronext Access Paris
CONTX,Oslo B?rs
CPA,Euronext Access Lisbon
CRBN,Euronext Amsterdam
CLB,Euronext Amsterdam
MLCOR,Euronext Access Paris
COR,Euronext Lisbon
MLCOU,Euronext Access Paris
COUR,Euronext Paris
COV,Euronext Paris
COVH,Euronext Paris
CRAYN,Oslo B?rs
CRAP,Euronext Paris
CRAV,Euronext Paris
CRBP2,Euronext Paris
CIV,Euronext Paris
CRLA,Euronext Paris
CRLO,Euronext Paris
CMO,Euronext Paris
CNF,Euronext Paris
CCN,Euronext Paris
CAF,Euronext Paris
CRSU,Euronext Paris
CRTO,Euronext Paris
ACA,Euronext Paris
OPTI,Euronext Brussels
DD8A,Euronext Dublin
DD8B,Euronext Dublin
CRG,Euronext Dublin
ALCJ,Euronext Growth Paris
CROS,Euronext Paris
SX,Euronext Paris
CSAM,Euronext Growth Oslo
CTAC,Euronext Amsterdam
CTT,Euronext Lisbon
CLEX,Euronext Brussels
ALCYB,Euronext Growth Paris
CYVIZ,Euronext Growth Oslo
DIE,Euronext Brussels
ALDLS,Euronext Growth Paris
MLGEL,Euronext Access Paris
DHG,Euronext Dublin
DLT,Euronext Paris
MLDAM,Euronext Access Paris
ALDAR,Euronext Growth Paris
BN,Euronext Paris
AM,Euronext Paris
DSYNV,Euronext Paris
DSY,Euronext Paris
DLE,Euronext Dublin
ALDBT,Euronext Growth Paris
DBV,Euronext Paris
DECB,Euronext Brussels
ALDEI,Euronext Growth Paris
ALDEL,Euronext Growth Paris
ALDR,Euronext Growth Paris
DLTA,Euronext Paris
DBG,Euronext Paris
MLDYH,Euronext Access Paris
DTEL,Traded not listed Brussels
ALDEV,Euronext Growth Paris
DVT,Euronext Paris
DEXB,Euronext Expert Market
DGB,Euronext Amsterdam
DGE,Euronext Paris
GUI1,Euronext Dublin
DGM,Euronext Paris
DNB,Oslo B?rs
DNO,Oslo B?rs
ALDNX,Euronext Growth Paris
DPAM,Euronext Paris
DOF,Oslo B?rs
ALDOL,Euronext Growth Paris
DQ7A,Euronext Growth Dublin
ALDNE,Euronext Growth Paris
DPA,Euronext Amsterdam
GRW,Euronext Growth Dublin
ALDRV,Euronext Growth Paris
DSC2,Euronext Amsterdam
DSC2S,Euronext Amsterdam
DSM,Euronext Amsterdam
MLDYN,Euronext Access Paris
MLDYX,Euronext Access Paris
EON,Traded not listed Brussels
EAM,Euronext Expand Oslo
EAS2P,Euronext Amsterdam
MLEAS,Euronext Access Paris
MLEDR,Euronext Access Paris
MLEAV,Euronext Access Paris
MLECO,Euronext Access Paris
ALECO,Euronext Growth Paris
ECONB,Euronext Brussels
ALESA,Euronext Growth Paris
EDEN,Euronext Paris
EDF,Euronext Paris
ALEAC,Euronext Growth Paris
MLEDS,Euronext Access Paris
EDP,Euronext Lisbon
EDPR,Euronext Lisbon
MLEDU,Euronext Access Paris
MLEES,Euronext Access Paris
GID,Euronext Paris
EIOF,Oslo B?rs
FGR,Euronext Paris
EKI,Euronext Paris
ELEC,Euronext Paris
EEM,Euronext Paris
EMGS,Oslo B?rs
ELIMP,Euronext Growth Oslo
ELE,Oslo B?rs
ELI,Euronext Brussels
ELIOR,Euronext Paris
ELIS,Euronext Paris
ELK,Oslo B?rs
ELABS,Euronext Growth Oslo
ELOP,Euronext Growth Oslo
ALEMK,Euronext Growth Brussels
EMD,Euronext Expert Market
ALEMV,Euronext Growth Paris
ALDUB,Euronext Growth Paris
ENDUR,Oslo B?rs
ALNN6,Euronext Growth Paris
ALNRG,Euronext Growth Paris
ALENE,Euronext Growth Paris
ENGI,"Euronext Paris, Brussels"
EPS,Euronext Paris
ENI,Traded not listed Brussels
ENTRA,Oslo B?rs
ALENT,Euronext Growth Paris
ALENR,Euronext Growth Paris
ALTEV,Euronext Growth Paris
ENVI,Euronext Amsterdam
ENVIP,Euronext Growth Oslo
ALEO2,Euronext Growth Paris
EOSI,Euronext Paris
EPIC,Euronext Growth Oslo
EQNR,Oslo B?rs
ERA,Euronext Paris
ERYP,Euronext Paris
ESG,Euronext Amsterdam
ESGT,Euronext Amsterdam
ESI,Euronext Paris
ALESK,Euronext Growth Paris
ESP,"Euronext Amsterdam, Paris"
ELNV,Euronext Paris
EL,Euronext Paris
ES,Euronext Paris
ESON,Euronext Lisbon
EFI,Euronext Paris
ALEUA,Euronext Growth Paris
RF,Euronext Paris
EUR,Euronext Paris
ALERS,Euronext Growth Paris
ECT,Euronext Amsterdam
ECMPA,"Euronext Amsterdam, Brussels"
ALECR,Euronext Growth Paris
ERFNV,Euronext Paris
ERF,Euronext Paris
ALGEM,Euronext Growth Paris
MLERO,Euronext Access Paris
ALEMG,Euronext Growth Paris
EURN,Euronext Brussels
ENX,"Euronext Paris, Amsterdam, Brussels"
ENXP,Euronext Lisbon
ECP,Euronext Paris
EUCAR,Euronext Paris
ALEUP,Euronext Growth Paris
EPR,Oslo B?rs
ETL,Euronext Paris
ALEVA,Euronext Growth Brussels
EFUEL,Euronext Growth Oslo
EGR,Euronext Paris
MLEVE,Euronext Access Paris
ALTVO,Euronext Growth Paris
EVS,Euronext Brussels
EXAC,Euronext Paris
EXTX,Euronext Growth Oslo
EXE,Euronext Paris
EXM,Euronext Brussels
EPCP,Euronext Paris
EXPL,Euronext Paris
ALPHI,Euronext Growth Paris
FAGR,"Euronext Brussels, Amsterdam"
MLFMV,Euronext Access Lisbon
ALFBA,Euronext Growth Paris
FAST,Euronext Amsterdam
EO,Euronext Paris
FAUV,Euronext Paris
FAYE,Euronext Paris
EG7,Euronext Dublin
MLFDV,Euronext Access Paris
FDJ,Euronext Paris
FCMC,Euronext Paris
FALG,Euronext Paris
FFP,Euronext Paris
SACI,Euronext Paris
ORIA,Euronext Paris
FGA,Euronext Paris
ALFIL,Euronext Growth Paris
BERR,Euronext Paris
EBPF,Euronext Paris
FOAF,Euronext Paris
FINM,Euronext Paris
ODET,Euronext Paris
FNTS,Euronext Paris
MLFXO,Euronext Access Paris
FIPP,Euronext Paris
GYQ,Euronext Growth Dublin
MLFIR,Euronext Access Paris
FJORD,Oslo B?rs
FKRFT,Oslo B?rs
ALFLE,Euronext Growth Paris
FLNG,Oslo B?rs
FLEXD,Euronext Lisbon
FLEX,Euronext Access Brussels
FLOB,Euronext Brussels
FLOW,Euronext Amsterdam
UNI,Euronext Access Brussels
FLTR,Euronext Dublin
FLUX,Euronext Brussels
FLYR,Euronext Growth Oslo
FNAC,Euronext Paris
FNG,"Euronext Brussels, Amsterdam"
ALFOC,Euronext Growth Paris
FPN,Euronext Paris
LEBL,Euronext Paris
FATL,Euronext Paris
EURS,Euronext Paris
INEA,Euronext Paris
FLY,Euronext Paris
MLVIN,Euronext Access Paris
SPEL,Euronext Paris
FOOTL,Traded not listed Brussels
FORE,Euronext Paris
FFARM,Euronext Amsterdam
FOU,Euronext Brussels
ALFPC,Euronext Growth Paris
LFDE,Euronext Paris
MLFSG,Euronext Access Paris
MLFTI,Euronext Access Paris
ALFRE,Euronext Growth Paris
FREY,Euronext Paris
FRO,Oslo B?rs
FUR,Euronext Amsterdam
FCP,Euronext Lisbon
MLGAI,Euronext Access Paris
GLPG,"Euronext Amsterdam, Brussels"
MLGAL,Euronext Access Paris
GALIM,Euronext Paris
GALP,Euronext Lisbon
GIG,Oslo B?rs
ALBI,Euronext Growth Paris
GAM,Euronext Paris
ALGAU,Euronext Growth Paris
GBLB,Euronext Brussels
RISH,Oslo B?rs
GEA,Euronext Paris
GECP,Euronext Paris
GFC,Euronext Paris
GNE,Euronext Paris
GENX,Euronext Paris
GNRO,Euronext Paris
GNFT,Euronext Paris
GKTX,"Euronext Paris, Brussels"
GV,Euronext Paris
ALGEN,Euronext Growth Paris
SIGHT,Euronext Paris
GENT,Euronext Growth Oslo
MLGEQ,Euronext Access Paris
GOJXN,Euronext Amsterdam
GET,Euronext Paris
ALGEV,Euronext Growth Paris
GIMB,Euronext Brussels
GJF,Oslo B?rs
GLO,Euronext Paris
GL9,Euronext Dublin
GVR,Euronext Dublin
GLINT,Euronext Lisbon
ALGBE,Euronext Growth Paris
ALGEP,Euronext Growth Paris
GLOG,Euronext Brussels
GNP,Euronext Growth Oslo
ALGLD,Euronext Growth Paris
GEOS,Euronext Growth Oslo
GOGL,Oslo B?rs
GOD,Oslo B?rs
MLGML,Euronext Access Paris
GPE,Euronext Paris
ALPAR,Euronext Growth Paris
GRVO,Euronext Paris
GVNV,Euronext Amsterdam
8GW,Euronext Growth Dublin
MLCMG,Euronext Access Paris
GEM,Euronext Growth Oslo
GRP,Euronext Growth Dublin
GREEN,Euronext Brussels
GSF,Oslo B?rs
MLGRC,Euronext Access Paris
CEN,Euronext Paris
FLO,Euronext Paris
GOE,Euronext Paris
ALGIL,Euronext Growth Paris
IRD,Euronext Paris
GJAJ,Euronext Paris
ALLDL,Euronext Growth Paris
OPN,Euronext Paris
PARP,Euronext Paris
MLPVG,Euronext Access Paris
SFPI,Euronext Paris
ALGTR,Euronext Growth Paris
ALIMO,Euronext Growth Paris
GROWN,Euronext Access Brussels
GTBP,Euronext Paris
GTT,Euronext Paris
MLGDI,Euronext Access Paris
GBT,Euronext Paris
GBTNV,Euronext Paris
GUI,Euronext Paris
GYL,Oslo B?rs
ALHEO,Euronext Growth Paris
HAFNI,Oslo B?rs
HAL,Euronext Amsterdam
HMSO,Euronext Dublin
HAMO,Euronext Brussels
PIG,Euronext Paris
HAV,Euronext Growth Oslo
HAVI,Oslo B?rs
HYARD,Oslo B?rs
MLAHC,Euronext Access Paris
MLHAY,Euronext Access Paris
HEIJM,Euronext Amsterdam
HEIA,Euronext Amsterdam
HEIO,Euronext Amsterdam
ALHRG,Euronext Growth Paris
RMS,Euronext Paris
HEX,Oslo B?rs
HPUR,Euronext Growth Oslo
HEXA,Euronext Paris
HF,Euronext Paris
HBRN,Euronext Dublin
HCO,Euronext Paris
ALHIO,Euronext Growth Paris
HIPAY,Euronext Paris
ALHIT,Euronext Growth Paris
MLHK,Euronext Access Paris
MLHBB,Euronext Access Paris
HLNG,Oslo B?rs
ALHGR,Euronext Growth Paris
HBC,Oslo B?rs
HOLCO,Euronext Amsterdam
MLHCF,Euronext Access Paris
HOMI,Euronext Brussels
MLHPE,Euronext Access Paris
MLHPI,Euronext Access Paris
HOP,Euronext Paris
HRGI,Euronext Growth Oslo
HSW,Euronext Dublin
MLHMC,Euronext Access Paris
MLHOT,Euronext Access Paris
HDP,Euronext Paris
MLHIN,Euronext Access Paris
HOC,Euronext Growth Oslo
HUDL,Euronext Growth Oslo
HDLY,Euronext Growth Oslo
HDG,Euronext Amsterdam
HUNDP,Euronext Amsterdam
HUNT,Euronext Expand Oslo
ALHYG,Euronext Growth Paris
HYDRA,Euronext Amsterdam
MLHYD,Euronext Access Paris
MLHYE,Euronext Access Paris
ALHRS,Euronext Growth Paris
HYPRO,Euronext Growth Oslo
HYL,Euronext Brussels
ALICR,Euronext Growth Paris
ALI2S,Euronext Growth Paris
MLINT,Euronext Access Paris
IBAB,Euronext Brussels
IBS,Euronext Lisbon
IBMA,Traded not listed Brussels
ICAD,Euronext Paris
IFISH,Euronext Growth Oslo
ICEGR,Euronext Expand Oslo
ISLAX,Euronext Growth Oslo
ICT,Euronext Amsterdam
IDL,Euronext Paris
IDEX,Oslo B?rs
IDIP,Euronext Paris
MLIDS,Euronext Access Paris
ALIDS,Euronext Growth Paris
IEP,Euronext Brussels
IEX,Euronext Amsterdam
IGE,Euronext Paris
ILD,Euronext Paris
MLIML,Euronext Access Paris
IMCD,Euronext Amsterdam
NK,Euronext Paris
MLIPP,Euronext Access Paris
ALIMR,Euronext Growth Paris
IMMOU,Euronext Brussels
IMDA,Euronext Paris
IMMO,Euronext Brussels
IMMOP,Euronext Expert Market
ALIMM,Euronext Growth Brussels
GPA,Euronext Lisbon
ALIMP,Euronext Growth Paris
IPR,Euronext Lisbon
MLIMP,Euronext Access Paris
INA,Euronext Lisbon
INCLU,Euronext Brussels
INFE,Euronext Paris
INDCT,Euronext Growth Oslo
MLIFC,Euronext Access Paris
INF,Euronext Paris
INFRO,Oslo B?rs
INGA,"Euronext Amsterdam, Brussels"
MLISP,Euronext Access Paris
IPH,Euronext Paris
ALINN,Euronext Growth Paris
MLIDP,Euronext Access Paris
MLIRF,Euronext Access Paris
INPST,Euronext Amsterdam
INSR,Oslo B?rs
INSTA,Euronext Growth Oslo
ALLUX,Euronext Growth Paris
ALINT,Euronext Growth Paris
INCO,Traded not listed Brussels
IOX,Oslo B?rs
ITP,Euronext Paris
INTER,Euronext Amsterdam
INTO,Euronext Brussels
ITXT,Euronext Paris
ALINS,Euronext Growth Paris
IVA,Euronext Paris
ALINV,Euronext Growth Paris
MLIOC,Euronext Access Paris
MLIPO,Euronext Access Paris
IPN,Euronext Paris
IPS,Euronext Paris
IPSNV,Euronext Paris
IR5B,Euronext Dublin
IRES,Euronext Dublin
ALITL,Euronext Growth Paris
MLITN,Euronext Access Paris
ITERA,Oslo B?rs
ITE,Euronext Paris
ALIVA,Euronext Growth Paris
JMT,Euronext Lisbon
JBOG,Euronext Paris
JCQ,Euronext Paris
DEC,Euronext Paris
JDEP,Euronext Amsterdam
JEN,Euronext Brussels
JIN,Oslo B?rs
JPK,Euronext Growth Oslo
MLJSA,Euronext Access Paris
TKWY,Euronext Amsterdam
KAHOT,Oslo B?rs
KAL,Euronext Growth Oslo
ALKAL,Euronext Growth Paris
KOF,Euronext Paris
KBC,Euronext Brussels
KBCA,Euronext Brussels
KENDR,Euronext Amsterdam
KMR,Euronext Dublin
KER,Euronext Paris
ALKLK,Euronext Growth Paris
KRZ,Euronext Dublin
ALKEY,Euronext Growth Paris
KEYW,Euronext Brussels
KDS,"Euronext Amsterdam, Brussels"
KID,Oslo B?rs
KIN,Euronext Brussels
KRX,Euronext Dublin
KIT,Oslo B?rs
ALKKO,"Euronext Growth Paris, Brussels"
KCC,Euronext Expand Oslo
LI,Euronext Paris
ALSIM,Euronext Growth Paris
KMCP,Oslo B?rs
KOMP,Oslo B?rs
KOA,Oslo B?rs
KOG,Oslo B?rs
KORI,Euronext Paris
KPN,Euronext Amsterdam
KRAB,Euronext Growth Oslo
MLKRI,Euronext Access Paris
MLVAP,Euronext Access Paris
OR,Euronext Paris
ORNV,Euronext Paris
ALPER,Euronext Growth Paris
LACR,Euronext Paris
LHN,Euronext Paris
MMB,Euronext Paris
ALLAN,Euronext Growth Paris
LAT,Euronext Paris
LPE,Euronext Paris
LVIDE,Euronext Amsterdam
LOUP,Euronext Paris
ALTAN,Euronext Growth Paris
LEAS,Euronext Brussels
LBON,Euronext Paris
LSS,Euronext Paris
LSSNV,Euronext Paris
LR,Euronext Paris
LSG,Oslo B?rs
ALLHB,Euronext Growth Paris
ALLEX,Euronext Growth Paris
LIFE,Euronext Growth Oslo
LIN,Euronext Paris
LINK,Oslo B?rs
LIG,Euronext Lisbon
FII,Euronext Paris
LIT,Euronext Access Lisbon
ALLLN,Euronext Growth Paris
LNA,Euronext Paris
MLLOI,Euronext Access Paris
ALLOG,Euronext Growth Paris
MLLOG,Euronext Access Paris
MLCAC,Euronext Access Paris
LOTB,Euronext Brussels
BOLS,Euronext Amsterdam
ALUCI,Euronext Growth Paris
LBIRD,Euronext Paris
MLV4S,Euronext Access Paris
MC,Euronext Paris
LYS,Euronext Paris
MRM,Euronext Paris
ALMII,Euronext Growth Paris
MLMAD,Euronext Access Paris
ALMNG,Euronext Growth Paris
MLMGL,Euronext Access Paris
MGN,Oslo B?rs
MSEIS,Oslo B?rs
MLMAB,Euronext Access Paris
MLCLI,Euronext Access Paris
MLMAI,Euronext Access Paris
MDM,Euronext Paris
ALMAK,Euronext Growth Paris
ALMKS,Euronext Growth Paris
MLC,Euronext Growth Dublin
MALT,Euronext Paris
MTU,Euronext Paris
MAN,Euronext Paris
MLMAQ,Euronext Access Paris
MROIL,Traded not listed Brussels
ALMAR,Euronext Growth Paris
MAREL,Euronext Amsterdam
IAM,Euronext Paris
MAR,Euronext Lisbon
ALMAS,Euronext Growth Paris
MKEA,Euronext Paris
MAU,Euronext Paris
MBWS,Euronext Paris
MCPHY,Euronext Paris
MDXH,Euronext Brussels
ALMEC,Euronext Growth Paris
ALMDP,Euronext Growth Paris
EDI,Euronext Paris
MCP,Euronext Lisbon
MLLAB,Euronext Access Paris
ALKER,Euronext Growth Paris
ALMDT,Euronext Growth Paris
MEDCL,Euronext Paris
MLMCE,Euronext Access Paris
MEDI,Oslo B?rs
MELE,Euronext Brussels
MWTR,Euronext Growth Oslo
MEMS,Euronext Paris
MRCEL,Euronext Growth Oslo
MERY,Euronext Paris
MRK,Euronext Paris
MRL,Euronext Lisbon
MRN,Euronext Paris
MRNNV,Euronext Paris
METEX,Euronext Paris
MLETA,Euronext Access Paris
ALMET,Euronext Growth Paris
ALMTH,Euronext Growth Paris
MLMIB,Euronext Access Paris
MMT,Euronext Paris
ALMGI,Euronext Growth Paris
ALMDG,Euronext Growth Paris
ML,Euronext Paris
MLNV,Euronext Paris
MUN,Euronext Paris
MLSKN,Euronext Access Paris
MSF,Traded not listed Brussels
ALMIC,Euronext Growth Paris
MLNMA,Euronext Access Paris
MIKO,Euronext Brussels
ALMLB,Euronext Growth Paris
MIO,Euronext Growth Dublin
ALBUD,Euronext Growth Paris
MNTR,Euronext Growth Oslo
MITRA,Euronext Brussels
NEDSE,Euronext Amsterdam
MLAMY,Euronext Access Paris
ALMND,Euronext Growth Paris
MONC,Euronext Paris
MLMON,Euronext Access Paris
MONT,"Euronext Brussels, Paris"
MLMR,Euronext Access Lisbon
MOP,Euronext Brussels
MOPF,Euronext Brussels
MORE,Euronext Amsterdam
EGL,Euronext Lisbon
ALMOU,Euronext Growth Paris
MOUR,Euronext Brussels
MOWI,Oslo B?rs
MPCC,Oslo B?rs
MPCES,Euronext Growth Oslo
ALMRB,Euronext Growth Paris
MLMRE,Euronext Access Paris
MLMTD,Euronext Access Paris
MLMUL,Euronext Access Paris
MLM24,Euronext Access Lisbon
MULTI,Oslo B?rs
MLMMC,Euronext Access Paris
MEURV,Traded not listed Brussels
ALMUN,Euronext Growth Paris
GREV,Euronext Paris
ALMBG,Euronext Growth Paris
NACON,Euronext Paris
NANO,Euronext Paris
NAPA,Oslo B?rs
KN,Euronext Paris
NATTO,Euronext Expand Oslo
MLNAT,Euronext Access Paris
NAVA,Oslo B?rs
NAVYA,Euronext Paris
NEDAP,Euronext Amsterdam
NKR,Oslo B?rs
NEL,Oslo B?rs
MLNEO,Euronext Access Paris
NEOEN,Euronext Paris
ALNLF,Euronext Growth Paris
ALNEV,Euronext Growth Paris
NRP,Euronext Amsterdam
ALNTG,Euronext Growth Paris
MLNEU,Euronext Access Brussels
NRO,Euronext Paris
NSE,Euronext Amsterdam
NEWAY,Euronext Amsterdam
MLNEI,Euronext Access Paris
NEWT,Euronext Access Brussels
NEX,Euronext Paris
NXI,Euronext Paris
ALNOR,Euronext Growth Lisbon
NEXT,Oslo B?rs
ALNXT,Euronext Growth Paris
NEXTS,Euronext Paris
COX,Euronext Paris
NN,Euronext Amsterdam
NOKIA,Euronext Paris
NORBT,Oslo B?rs
NCOD,Euronext Growth Oslo
NOAP,Euronext Growth Oslo
NOM,Euronext Expand Oslo
NANOV,Oslo B?rs
NOD,Oslo B?rs
NUMND,Euronext Growth Oslo
NHY,Oslo B?rs
NSKOG,Oslo B?rs
NTEL,Euronext Growth Oslo
NORTH,Euronext Expand Oslo
NODL,Oslo B?rs
NOL,Oslo B?rs
NRS,Oslo B?rs
NAS,Oslo B?rs
NOR,Oslo B?rs
NOFI,Oslo B?rs
NPRO,Oslo B?rs
NOS,Euronext Lisbon
NBA,Euronext Lisbon
ALNOV,Euronext Growth Paris
MLNOV,Euronext Access Paris
NOVI,Euronext Amsterdam
ALNOX,Euronext Growth Paris
NR21,Euronext Paris
NRC,Oslo B?rs
NRG,Euronext Paris
ALNSC,Euronext Growth Paris
ALNSE,Euronext Growth Paris
NSI,Euronext Amsterdam
NTS,Oslo B?rs
NYR,Euronext Brussels
NYXH,Euronext Brussels
MLOSA,Euronext Access Paris
ALODI,Euronext Growth Paris
ALOBR,Euronext Growth Paris
OBSRV,Euronext Expand Oslo
OCPET,Traded not listed Brussels
OSUN,Euronext Growth Oslo
OCY,Oslo B?rs
OTS,Oslo B?rs
OCI,Euronext Amsterdam
MLOCT,Euronext Access Paris
ODL,Oslo B?rs
ODF,Oslo B?rs
ODFB,Oslo B?rs
SBT,Euronext Paris
OHT,Euronext Growth Oslo
OKEA,Oslo B?rs
OET,Oslo B?rs
OLG,Euronext Paris
OLT,Oslo B?rs
MLORE,Euronext Access Lisbon
ALONC,Euronext Growth Paris
MLOEX,Euronext Access Paris
MLONL,Euronext Access Paris
ONTEX,Euronext Brussels
ALONX,Euronext Growth Paris
ORPH,Euronext Growth Dublin
ORA,Euronext Paris
OBEL,Euronext Brussels
ORANW,Euronext Amsterdam
ORAP,Euronext Paris
MLORB,Euronext Access Paris
KAZI,Euronext Paris
ORDI,Euronext Amsterdam
ALORD,Euronext Growth Paris
OREGE,Euronext Paris
ORE,Euronext Lisbon
OIZ,Euronext Growth Dublin
ORK,Oslo B?rs
ORQ1,Euronext Growth Dublin
ORP,Euronext Paris
OSE,Euronext Paris
ALOSM,Euronext Growth Paris
OTEC,Oslo B?rs
OTOVO,Euronext Growth Oslo
OVXA,Euronext Growth Dublin
OXUR,Euronext Brussels
ICE,Euronext Expert Market
MLPAC,Euronext Access Paris
PEN,Oslo B?rs
PID,Euronext Paris
PAR,Euronext Paris
PARB,Oslo B?rs
MLPFX,Euronext Access Paris
PARRO,Euronext Paris
MLHOP,Euronext Access Paris
MLPRX,Euronext Access Paris
PSAT,Euronext Paris
PSKY,Euronext Growth Oslo
PAT,Euronext Paris
ALPTR,Euronext Growth Lisbon
ALPAU,Euronext Growth Paris
PAY,Euronext Brussels
PCA,Euronext Paris
PCIB,Oslo B?rs
PEP,Traded not listed Brussels
IL0A,Euronext Dublin
RI,Euronext Paris
PERR,Euronext Paris
PSH,Euronext Amsterdam
PSE,Oslo B?rs
P8ET,Euronext Growth Dublin
PNOR,Euronext Expand Oslo
PEXIP,Oslo B?rs
PGS,Oslo B?rs
PHA,Euronext Paris
ALPHS,Euronext Growth Paris
PHARM,Euronext Amsterdam
ALPHA,Euronext Growth Paris
PHR,Euronext Lisbon
ALPHE,Euronext Growth Paris
INPHI,Euronext Amsterdam
PHIA,Euronext Amsterdam
PHLY,Euronext Expand Oslo
MLPHW,Euronext Access Paris
PHO,Oslo B?rs
MLPHO,Euronext Access Paris
PIC,Euronext Brussels
VAC,Euronext Paris
PPG,Euronext Expand Oslo
ALPDX,Euronext Growth Paris
ALPIX,Euronext Growth Paris
MLPLC,Euronext Access Paris
ALPLA,Euronext Growth Paris
ALPAT,Euronext Growth Paris
PVL,Euronext Paris
POM,Euronext Paris
PMG,Euronext Growth Oslo
PLCS,Oslo B?rs
POL,Oslo B?rs
PLT,Oslo B?rs
PORF,Euronext Amsterdam
PNL,Euronext Amsterdam
ALPJT,Euronext Growth Paris
ALPOU,Euronext Growth Paris
POXEL,Euronext Paris
PPLAA,Euronext Amsterdam
PPLAB,Euronext Amsterdam
PPLA,Euronext Amsterdam
PREC,Euronext Paris
ALPRE,Euronext Growth Paris
ALPRI,Euronext Growth Paris
PROAC,Euronext Paris
ALPRO,Euronext Growth Paris
PWG,Euronext Paris
PROL,Euronext Paris
MLPRI,Euronext Access Paris
PRS,Oslo B?rs
PSMP,Traded not listed Brussels
PRX,Euronext Amsterdam
PROT,Oslo B?rs
MLPRO,Euronext Access Paris
PZQA,Euronext Growth Dublin
PROXI,Euronext Growth Oslo
PROX,Euronext Brussels
PRYME,Euronext Growth Oslo
PSB,Euronext Paris
PUB,Euronext Paris
QFR,Oslo B?rs
QRF,Euronext Brussels
QDT,Euronext Paris
ALQP,Euronext Growth Paris
QFUEL,Euronext Growth Oslo
ALQGC,Euronext Growth Paris
QEC,Oslo B?rs
QFG,Euronext Brussels
ALQWA,Euronext Growth Paris
MLRZE,Euronext Access Lisbon
RAKP,Oslo B?rs
RAL,Euronext Paris
RAM,Euronext Lisbon
GDS,Euronext Paris
RANA,Euronext Growth Oslo
RAND,Euronext Amsterdam
ML350,Euronext Access Paris
REACH,Oslo B?rs
REAL,Euronext Access Brussels
ALREA,Euronext Growth Paris
RECSI,Oslo B?rs
REC,Euronext Brussels
RX,Euronext Paris
RED,Euronext Lisbon
REI,Euronext Access Brussels
REINA,Euronext Amsterdam
REN,Euronext Amsterdam
RCO,Euronext Paris
RENE,Euronext Lisbon
RNO,Euronext Paris
RWI,Euronext Amsterdam
RES,Euronext Brussels
RET,"Euronext Brussels, Amsterdam"
MLREX,Euronext Access Paris
ALREW,Euronext Growth Paris
RXL,Euronext Paris
ALRIB,Euronext Growth Paris
RIVER,Euronext Growth Oslo
RBT,Euronext Paris
CBR,Euronext Paris
CBE,Euronext Paris
RBO,Euronext Paris
ALROC,Euronext Growth Paris
ROM,Euronext Expand Oslo
ROOD,Euronext Amsterdam
ENGB,Euronext Brussels
ROTH,Euronext Paris
ALRGR,Euronext Growth Paris
ROU,Euronext Brussels
MLROU,Euronext Access Paris
RDSA,Euronext Amsterdam
RDSB,Euronext Amsterdam
MLRSR,Euronext Access Lisbon
RUI,Euronext Paris
RY4C,Euronext Dublin
SCB,Euronext Access Lisbon
SK,Euronext Paris
ALSAF,Euronext Growth Paris
SAF,Euronext Paris
ALWOO,Euronext Growth Paris
SAGA,Oslo B?rs
SGO,"Euronext Paris, Amsterdam, Brussels"
SGONV,Euronext Paris
SABE,Euronext Paris
SALM,Oslo B?rs
SALME,Euronext Growth Oslo
SACAM,Oslo B?rs
SAMS,Euronext Paris
SAN,Euronext Paris
SANNV,Euronext Paris
ALMER,Euronext Growth Paris
DIM,Euronext Paris
SASNO,Oslo B?rs
SATS,Oslo B?rs
SAVE,Euronext Paris
MLSDN,Euronext Access Paris
SBANK,Oslo B?rs
SBMO,Euronext Amsterdam
MLSBT,Euronext Access Paris
SCANA,Oslo B?rs
MLSHD,Euronext Access Paris
SCATC,Oslo B?rs
CBSM,Euronext Paris
MLCMI,Euronext Access Paris
SCHD,Euronext Brussels
SCHA,Oslo B?rs
SCHB,Oslo B?rs
SLB,Euronext Paris
SU,Euronext Paris
MLSCH,Euronext Access Paris
SCR,Euronext Paris
SDSD,Oslo B?rs
SBX,Oslo B?rs
SDRL,Oslo B?rs
SCHP,Euronext Paris
SGRO,Euronext Paris
ALSEI,Euronext Growth Paris
SLCO,Euronext Paris
SELER,Euronext Paris
SSG,Oslo B?rs
SBO,Oslo B?rs
SEM,Euronext Lisbon
MLSMP,Euronext Access Paris
ALSEN,Euronext Growth Paris
MLSEQ,Euronext Access Paris
SEQUA,Euronext Brussels
SEFER,Euronext Paris
ALSER,Euronext Growth Paris
SESG,Euronext Paris
SESL,Euronext Paris
STTL,Euronext Growth Brussels
SHLF,Oslo B?rs
SRP,Euronext Paris
SHUR,Euronext Brussels
ALSIP,Euronext Growth Paris
ALBFR,Euronext Growth Paris
SIOFF,Oslo B?rs
SIA,Traded not listed Brussels
SIFG,Euronext Amsterdam
GIRO,Euronext Paris
LIGHT,Euronext Amsterdam
SII,Euronext Paris
SIKRI,Euronext Growth Oslo
MLSIL,Euronext Access Paris
MLMAT,Euronext Access Paris
MLSIM,Euronext Access Paris
MLSNT,Euronext Access Paris
SIOE,Euronext Brussels
SIP,Euronext Brussels
SKAND,Euronext Growth Oslo
SKI,Euronext Growth Oslo
SLIGR,Euronext Amsterdam
MLSML,Euronext Access Paris
SMAR,Euronext Brussels
SMCP,Euronext Paris
SMTPC,Euronext Paris
SK3,Euronext Dublin
SNOW,Euronext Amsterdam
SFCA,Euronext Paris
GLE,Euronext Paris
SW,Euronext Paris
SEC,Euronext Paris
SFBS,Euronext Paris
SOF,Euronext Brussels
SOFT,Euronext Growth Brussels
SOFTX,Euronext Growth Oslo
SOG,Euronext Paris
SOI,Euronext Paris
LOCAL,Euronext Paris
SOLON,Oslo B?rs
SOFF,Oslo B?rs
S30,Euronext Paris
SOLV,Euronext Brussels
SOLB,"Euronext Brussels, Paris"
SO,Euronext Paris
SON,Euronext Lisbon
SONI,Euronext Lisbon
SNC,Euronext Lisbon
SNG,Euronext Access Lisbon
SOHO,Euronext Growth Oslo
SOP,Euronext Paris
SPA,Euronext Brussels
SRBNK,Oslo B?rs
MLSRP,Euronext Access Paris
SPIE,Euronext Paris
ALSGD,Euronext Growth Paris
ALSPW,Euronext Growth Paris
SCP,Euronext Lisbon
SQI,Euronext Paris
DPT,Euronext Paris
STF,Euronext Paris
STLA,Euronext Paris
STNT,Euronext Paris
STRN,Euronext Amsterdam
STM,Euronext Paris
SNI,Oslo B?rs
STB,Oslo B?rs
ALSAS,Euronext Growth Paris
ALSTW,Euronext Growth Paris
MLSTR,Euronext Access Paris
STRO,Oslo B?rs
SUBC,Oslo B?rs
SEV,"Euronext Paris, Brussels"
MLSUM,Euronext Access Paris
ALSSI,Euronext Growth Paris
SWP,Euronext Paris
SDG,Euronext Paris
AIID,Euronext Growth Dublin
TRVX,Oslo B?rs
TKTT,Euronext Paris
TAYN,Euronext Paris
MLTEA,Euronext Access Paris
TCH,Euronext Paris
TE,Euronext Paris
FTI,Euronext Paris
TECH,Oslo B?rs
TECO,Euronext Growth Oslo
TDSA,Euronext Lisbon
TIT,Traded not listed Brussels
TFA,Traded not listed Brussels
TNET,Euronext Brussels
TEL,Oslo B?rs
TEP,Euronext Paris
TVRB,Euronext Paris
MLVST,Euronext Access Paris
TERB,Euronext Brussels
TCO,Euronext Dublin
TESB,Euronext Brussels
TES,Euronext Paris
TFG,Euronext Amsterdam
TET,Euronext Expert Market
TEXF,Euronext Brussels
TFI,Euronext Paris
TFF,Euronext Paris
TGS,Oslo B?rs
HO,Euronext Paris
HONV,Euronext Paris
ALTBG,Euronext Growth Paris
KING,Euronext Growth Oslo
NVG,Euronext Lisbon
ALTHE,Euronext Growth Paris
ALTER,Euronext Growth Paris
ALTHX,Euronext Growth Paris
THEP,Euronext Paris
THIN,Oslo B?rs
TBIRD,Euronext Amsterdam
TIE,Euronext Amsterdam
TIETO,Oslo B?rs
TKO,Euronext Paris
TINC,Euronext Brussels
TIPI,Euronext Paris
TISN,Traded not listed Brussels
TITC,"Euronext Brussels, Paris"
ALTIV,Euronext Growth Paris
TWEKA,Euronext Amsterdam
TOM,Oslo B?rs
TOM2,Euronext Amsterdam
ALTLX,Euronext Growth Paris
MLTBM,Euronext Access Paris
FP,"Euronext Paris, Brussels"
EC,Euronext Paris
T7O,Euronext Growth Dublin
TOUP,Euronext Paris
EIFF,Euronext Paris
MLABO,Euronext Access Paris
SCT,Euronext Lisbon
MLPSH,Euronext Access Paris
MLTRA,Euronext Access Paris
TNG,Euronext Paris
TRE,Oslo B?rs
TRI,Euronext Paris
ALTRI,Euronext Growth Paris
MLTRO,Euronext Access Paris
ALTRO,Euronext Growth Paris
ALTTI,Euronext Growth Paris
TUBAT,Euronext Expert Market
TUB,Euronext Brussels
TQW,Euronext Dublin
ALTXC,Euronext Growth Paris
ALU10,Euronext Growth Paris
UBI,Euronext Paris
ALUCR,Euronext Growth Paris
PNSB,Euronext Access Brussels
UCB,Euronext Brussels
ULTI,Oslo B?rs
MLUMG,Euronext Access Paris
ALUMS,Euronext Growth Paris
UMI,Euronext Brussels
MLUMH,Euronext Access Paris
URW,"Euronext Amsterdam, Paris"
UNBL,Euronext Paris
UPG,Euronext Brussels
UNA,Euronext Amsterdam
UFF,Euronext Paris
UNPA,Traded not listed Brussels
FPG,Euronext Paris
UPR,Euronext Growth Dublin
ALUNT,Euronext Growth Paris
ALUPG,Euronext Growth Paris
ALUVI,Euronext Growth Paris
VLK,Euronext Amsterdam
VAF,Euronext Lisbon
VACC,Euronext Growth Oslo
ALVAL,Euronext Growth Paris
FR,Euronext Paris
VK,Euronext Paris
VLA,Euronext Paris
MLVAL,Euronext Access Paris
VALUE,Euronext Amsterdam
PREVA,Euronext Amsterdam
VAN,Euronext Brussels
VASTN,Euronext Amsterdam
VASTB,Euronext Brussels
VEI,Oslo B?rs
ALVU,Euronext Growth Paris
VIE,Euronext Paris
VEON,Euronext Amsterdam
VRLA,Euronext Paris
ALVER,Euronext Growth Paris
VMX,Euronext Paris
VERIZ,Traded not listed Brussels
VRNL,Euronext Paris
MLVER,Euronext Access Paris
VETO,Euronext Paris
VGP,Euronext Brussels
ALVIA,Euronext Growth Paris
VCT,Euronext Paris
VDLO,Euronext Paris
VIL,Euronext Paris
RIN,Euronext Paris
DG,Euronext Paris
VIO,Euronext Brussels
VIRP,Euronext Paris
ALVIV,Euronext Growth Paris
MLVIS,Euronext Access Paris
SDT,Euronext Paris
ALVMG,Euronext Growth Paris
VISTN,Oslo B?rs
VIV,Euronext Paris
VIVNV,Euronext Paris
VVY,Euronext Amsterdam
ALVGO,Euronext Growth Paris
VWA,Traded not listed Brussels
VWAP,Traded not listed Brussels
VTA,Euronext Amsterdam
VLTSA,Euronext Paris
VOLUE,Euronext Growth Oslo
ALVTX,Euronext Growth Paris
VPK,Euronext Amsterdam
VVL,Oslo B?rs
VOW,Oslo B?rs
ALVDM,Euronext Growth Paris
6VR,Euronext Growth Dublin
VRAP,"Euronext Paris, Brussels"
MLVRF,Euronext Access Paris
WAWI,Oslo B?rs
ALLIX,Euronext Growth Paris
WEB,Euronext Brussels
WAVE,Euronext Paris
WDP,"Euronext Brussels, Amsterdam"
ALWEC,Euronext Growth Paris
MLWEA,Euronext Access Paris
WSTEP,Oslo B?rs
ALWED,Euronext Growth Paris
MF,Euronext Paris
WHA,Euronext Amsterdam
WEHB,Euronext Brussels
MLWEY,Euronext Access Paris
MLWRC,Euronext Access Paris
WWI,Oslo B?rs
WWIB,Oslo B?rs
WILS,Oslo B?rs
ALWF,Euronext Growth Paris
ALWIT,Euronext Growth Paris
WKL,Euronext Amsterdam
WLN,Euronext Paris
XFAB,Euronext Paris
XIL,Euronext Paris
XIOR,Euronext Brussels
XPLRA,Euronext Growth Oslo
XPO,Euronext Paris
XXL,Oslo B?rs
YAR,Oslo B?rs
YATRA,Euronext Amsterdam
YEW,Euronext Growth Dublin
ZAL,Oslo B?rs
ZAP,Euronext Growth Oslo
MLZAM,Euronext Access Paris
CV,Euronext Paris
ZENT,Euronext Brussels
ZENA,Euronext Growth Oslo
ZWIPE,Euronext Growth Oslo
